<?xml version="1.0"?>
<link_info>
   <banner>MSP430 Linker PC v4.4.5</banner>
   <copyright>Copyright (c) 2003-2015 Texas Instruments Incorporated</copyright>
   <link_time>0x56f4e099</link_time>
   <link_errors>0x0</link_errors>
   <output_file>msp430g2xx3_wdt_toggle_pin.out</output_file>
   <entry_point>
      <name>_c_int00_noinit_noargs_noexit</name>
      <address>0xc074</address>
   </entry_point>
   <input_file_list>
      <input_file id="fl-2">
         <path>.\</path>
         <kind>object</kind>
         <file>msp430g2xx3_wdt_toggle_pin.obj</file>
         <name>msp430g2xx3_wdt_toggle_pin.obj</name>
      </input_file>
      <input_file id="fl-6">
         <path>H:\ti\workspace\msp430g2xx3_wdt_toggle_pin\Debug\configPkg\package\cfg\</path>
         <kind>object</kind>
         <file>msp430g2xx3_wdt_toggle_pin_pe430.oe430</file>
         <name>msp430g2xx3_wdt_toggle_pin_pe430.oe430</name>
      </input_file>
      <input_file id="fl-d">
         <path>H:\ti\grace_3_10_00_82\packages\ti\targets\msp430\rts430\lib\</path>
         <kind>archive</kind>
         <file>boot.ae430</file>
         <name>boot.oe430</name>
      </input_file>
      <input_file id="fl-e">
         <path>H:\ti\grace_3_10_00_82\packages\ti\targets\msp430\rts430\lib\</path>
         <kind>archive</kind>
         <file>boot.ae430</file>
         <name>boot_special.oe430</name>
      </input_file>
      <input_file id="fl-f">
         <path>H:\ti\grace_3_10_00_82\packages\ti\targets\msp430\rts430\lib\</path>
         <kind>archive</kind>
         <file>boot.ae430</file>
         <name>pre_init.oe430</name>
      </input_file>
      <input_file id="fl-10">
         <path>H:\ti\grace_3_10_00_82\packages\ti\targets\msp430\rts430\lib\</path>
         <kind>archive</kind>
         <file>boot.ae430</file>
         <name>autoinit.oe430</name>
      </input_file>
      <input_file id="fl-11">
         <path>H:\ti\workspace\msp430g2xx3_wdt_toggle_pin\src\grace\</path>
         <kind>archive</kind>
         <file>grace.lib</file>
         <name>Grace_init.obj</name>
      </input_file>
      <input_file id="fl-12">
         <path>H:\ti\workspace\msp430g2xx3_wdt_toggle_pin\src\grace\</path>
         <kind>archive</kind>
         <file>grace.lib</file>
         <name>GPIO_init.obj</name>
      </input_file>
      <input_file id="fl-13">
         <path>H:\ti\workspace\msp430g2xx3_wdt_toggle_pin\src\grace\</path>
         <kind>archive</kind>
         <file>grace.lib</file>
         <name>BCSplus_init.obj</name>
      </input_file>
      <input_file id="fl-14">
         <path>H:\ti\workspace\msp430g2xx3_wdt_toggle_pin\src\grace\</path>
         <kind>archive</kind>
         <file>grace.lib</file>
         <name>InterruptVectors_init.obj</name>
      </input_file>
      <input_file id="fl-15">
         <path>H:\ti\workspace\msp430g2xx3_wdt_toggle_pin\src\grace\</path>
         <kind>archive</kind>
         <file>grace.lib</file>
         <name>System_init.obj</name>
      </input_file>
      <input_file id="fl-16">
         <path>H:\ti\workspace\msp430g2xx3_wdt_toggle_pin\src\grace\</path>
         <kind>archive</kind>
         <file>grace.lib</file>
         <name>WDTplus_init.obj</name>
      </input_file>
      <input_file id="fl-40">
         <path>H:\ti\ccsv6\tools\compiler\ti-cgt-msp430_4.4.5\lib\</path>
         <kind>archive</kind>
         <file>rts430_eabi.lib</file>
         <name>args_main.obj</name>
      </input_file>
      <input_file id="fl-41">
         <path>H:\ti\ccsv6\tools\compiler\ti-cgt-msp430_4.4.5\lib\</path>
         <kind>archive</kind>
         <file>rts430_eabi.lib</file>
         <name>copy_decompress_none.obj</name>
      </input_file>
      <input_file id="fl-42">
         <path>H:\ti\ccsv6\tools\compiler\ti-cgt-msp430_4.4.5\lib\</path>
         <kind>archive</kind>
         <file>rts430_eabi.lib</file>
         <name>copy_decompress_rle.obj</name>
      </input_file>
      <input_file id="fl-43">
         <path>H:\ti\ccsv6\tools\compiler\ti-cgt-msp430_4.4.5\lib\</path>
         <kind>archive</kind>
         <file>rts430_eabi.lib</file>
         <name>copy_zero_init.obj</name>
      </input_file>
      <input_file id="fl-44">
         <path>H:\ti\ccsv6\tools\compiler\ti-cgt-msp430_4.4.5\lib\</path>
         <kind>archive</kind>
         <file>rts430_eabi.lib</file>
         <name>epilog.obj</name>
      </input_file>
      <input_file id="fl-45">
         <path>H:\ti\ccsv6\tools\compiler\ti-cgt-msp430_4.4.5\lib\</path>
         <kind>archive</kind>
         <file>rts430_eabi.lib</file>
         <name>exit.obj</name>
      </input_file>
      <input_file id="fl-46">
         <path>H:\ti\ccsv6\tools\compiler\ti-cgt-msp430_4.4.5\lib\</path>
         <kind>archive</kind>
         <file>rts430_eabi.lib</file>
         <name>int00.obj</name>
      </input_file>
      <input_file id="fl-47">
         <path>H:\ti\ccsv6\tools\compiler\ti-cgt-msp430_4.4.5\lib\</path>
         <kind>archive</kind>
         <file>rts430_eabi.lib</file>
         <name>int02.obj</name>
      </input_file>
      <input_file id="fl-48">
         <path>H:\ti\ccsv6\tools\compiler\ti-cgt-msp430_4.4.5\lib\</path>
         <kind>archive</kind>
         <file>rts430_eabi.lib</file>
         <name>int03.obj</name>
      </input_file>
      <input_file id="fl-49">
         <path>H:\ti\ccsv6\tools\compiler\ti-cgt-msp430_4.4.5\lib\</path>
         <kind>archive</kind>
         <file>rts430_eabi.lib</file>
         <name>int05.obj</name>
      </input_file>
      <input_file id="fl-4a">
         <path>H:\ti\ccsv6\tools\compiler\ti-cgt-msp430_4.4.5\lib\</path>
         <kind>archive</kind>
         <file>rts430_eabi.lib</file>
         <name>int06.obj</name>
      </input_file>
      <input_file id="fl-4b">
         <path>H:\ti\ccsv6\tools\compiler\ti-cgt-msp430_4.4.5\lib\</path>
         <kind>archive</kind>
         <file>rts430_eabi.lib</file>
         <name>int07.obj</name>
      </input_file>
      <input_file id="fl-4c">
         <path>H:\ti\ccsv6\tools\compiler\ti-cgt-msp430_4.4.5\lib\</path>
         <kind>archive</kind>
         <file>rts430_eabi.lib</file>
         <name>int08.obj</name>
      </input_file>
      <input_file id="fl-4d">
         <path>H:\ti\ccsv6\tools\compiler\ti-cgt-msp430_4.4.5\lib\</path>
         <kind>archive</kind>
         <file>rts430_eabi.lib</file>
         <name>int09.obj</name>
      </input_file>
      <input_file id="fl-4e">
         <path>H:\ti\ccsv6\tools\compiler\ti-cgt-msp430_4.4.5\lib\</path>
         <kind>archive</kind>
         <file>rts430_eabi.lib</file>
         <name>int11.obj</name>
      </input_file>
      <input_file id="fl-4f">
         <path>H:\ti\ccsv6\tools\compiler\ti-cgt-msp430_4.4.5\lib\</path>
         <kind>archive</kind>
         <file>rts430_eabi.lib</file>
         <name>int12.obj</name>
      </input_file>
      <input_file id="fl-50">
         <path>H:\ti\ccsv6\tools\compiler\ti-cgt-msp430_4.4.5\lib\</path>
         <kind>archive</kind>
         <file>rts430_eabi.lib</file>
         <name>int13.obj</name>
      </input_file>
      <input_file id="fl-51">
         <path>H:\ti\ccsv6\tools\compiler\ti-cgt-msp430_4.4.5\lib\</path>
         <kind>archive</kind>
         <file>rts430_eabi.lib</file>
         <name>int14.obj</name>
      </input_file>
      <input_file id="fl-52">
         <path>H:\ti\ccsv6\tools\compiler\ti-cgt-msp430_4.4.5\lib\</path>
         <kind>archive</kind>
         <file>rts430_eabi.lib</file>
         <name>isr_trap.obj</name>
      </input_file>
      <input_file id="fl-53">
         <path>H:\ti\ccsv6\tools\compiler\ti-cgt-msp430_4.4.5\lib\</path>
         <kind>archive</kind>
         <file>rts430_eabi.lib</file>
         <name>memcpy.obj</name>
      </input_file>
      <input_file id="fl-54">
         <path>H:\ti\ccsv6\tools\compiler\ti-cgt-msp430_4.4.5\lib\</path>
         <kind>archive</kind>
         <file>rts430_eabi.lib</file>
         <name>mpu_init.obj</name>
      </input_file>
      <input_file id="fl-55">
         <path>H:\ti\ccsv6\tools\compiler\ti-cgt-msp430_4.4.5\lib\</path>
         <kind>archive</kind>
         <file>rts430_eabi.lib</file>
         <name>_lock.obj</name>
      </input_file>
   </input_file_list>
   <object_component_list>
      <object_component id="oc-93">
         <name>.stack</name>
         <uninitialized>true</uninitialized>
         <run_address>0x3c0</run_address>
         <size>0x2</size>
         <input_file_ref idref="fl-d"/>
      </object_component>
      <object_component id="oc-204">
         <name>.stack</name>
         <uninitialized>true</uninitialized>
         <run_address>0x3c0</run_address>
         <size>0x0</size>
      </object_component>
      <object_component id="oc-174">
         <name>.text:GPIO_graceInit</name>
         <load_address>0xc000</load_address>
         <run_address>0xc000</run_address>
         <size>0x2a</size>
         <input_file_ref idref="fl-12"/>
      </object_component>
      <object_component id="oc-17a">
         <name>.text:BCSplus_graceInit</name>
         <load_address>0xc02a</load_address>
         <run_address>0xc02a</run_address>
         <size>0x28</size>
         <input_file_ref idref="fl-13"/>
      </object_component>
      <object_component id="oc-186">
         <name>.text:System_graceInit</name>
         <load_address>0xc052</load_address>
         <run_address>0xc052</run_address>
         <size>0x22</size>
         <input_file_ref idref="fl-15"/>
      </object_component>
      <object_component id="oc-84">
         <name>.text:_c_int00_noinit_noargs_noexit</name>
         <load_address>0xc074</load_address>
         <run_address>0xc074</run_address>
         <size>0x1e</size>
         <input_file_ref idref="fl-e"/>
      </object_component>
      <object_component id="oc-12a">
         <name>.text:Grace_init</name>
         <load_address>0xc092</load_address>
         <run_address>0xc092</run_address>
         <size>0x1c</size>
         <input_file_ref idref="fl-11"/>
      </object_component>
      <object_component id="oc-e9">
         <name>.text:main</name>
         <load_address>0xc0ae</load_address>
         <run_address>0xc0ae</run_address>
         <size>0xc</size>
         <input_file_ref idref="fl-2"/>
      </object_component>
      <object_component id="oc-b6">
         <name>.text:WDT_ISR_HOOK</name>
         <load_address>0xc0ba</load_address>
         <run_address>0xc0ba</run_address>
         <size>0x8</size>
         <input_file_ref idref="fl-14"/>
      </object_component>
      <object_component id="oc-18c">
         <name>.text:WDTplus_graceInit</name>
         <load_address>0xc0c2</load_address>
         <run_address>0xc0c2</run_address>
         <size>0x8</size>
         <input_file_ref idref="fl-16"/>
      </object_component>
      <object_component id="oc-b1">
         <name>.text:_isr:__TI_ISR_TRAP</name>
         <load_address>0xc0ca</load_address>
         <run_address>0xc0ca</run_address>
         <size>0x6</size>
         <input_file_ref idref="fl-52"/>
      </object_component>
      <object_component id="oc-c3">
         <name>.text:_system_pre_init</name>
         <load_address>0xc0d0</load_address>
         <run_address>0xc0d0</run_address>
         <size>0x4</size>
         <input_file_ref idref="fl-f"/>
      </object_component>
      <object_component id="oc-e2">
         <name>.text:abort</name>
         <load_address>0xc0d4</load_address>
         <run_address>0xc0d4</run_address>
         <size>0x4</size>
         <input_file_ref idref="fl-45"/>
      </object_component>
      <object_component id="oc-180">
         <name>.text:InterruptVectors_graceInit</name>
         <load_address>0xc0d8</load_address>
         <run_address>0xc0d8</run_address>
         <size>0x2</size>
         <input_file_ref idref="fl-14"/>
      </object_component>
      <object_component id="oc-41">
         <name>.int00</name>
         <load_address>0xffe0</load_address>
         <run_address>0xffe0</run_address>
         <size>0x2</size>
         <input_file_ref idref="fl-46"/>
      </object_component>
      <object_component id="oc-42">
         <name>.int02</name>
         <load_address>0xffe4</load_address>
         <run_address>0xffe4</run_address>
         <size>0x2</size>
         <input_file_ref idref="fl-47"/>
      </object_component>
      <object_component id="oc-43">
         <name>.int03</name>
         <load_address>0xffe6</load_address>
         <run_address>0xffe6</run_address>
         <size>0x2</size>
         <input_file_ref idref="fl-48"/>
      </object_component>
      <object_component id="oc-44">
         <name>.int05</name>
         <load_address>0xffea</load_address>
         <run_address>0xffea</run_address>
         <size>0x2</size>
         <input_file_ref idref="fl-49"/>
      </object_component>
      <object_component id="oc-45">
         <name>.int06</name>
         <load_address>0xffec</load_address>
         <run_address>0xffec</run_address>
         <size>0x2</size>
         <input_file_ref idref="fl-4a"/>
      </object_component>
      <object_component id="oc-46">
         <name>.int07</name>
         <load_address>0xffee</load_address>
         <run_address>0xffee</run_address>
         <size>0x2</size>
         <input_file_ref idref="fl-4b"/>
      </object_component>
      <object_component id="oc-47">
         <name>.int08</name>
         <load_address>0xfff0</load_address>
         <run_address>0xfff0</run_address>
         <size>0x2</size>
         <input_file_ref idref="fl-4c"/>
      </object_component>
      <object_component id="oc-48">
         <name>.int09</name>
         <load_address>0xfff2</load_address>
         <run_address>0xfff2</run_address>
         <size>0x2</size>
         <input_file_ref idref="fl-4d"/>
      </object_component>
      <object_component id="oc-49">
         <name>.int10</name>
         <load_address>0xfff4</load_address>
         <run_address>0xfff4</run_address>
         <size>0x2</size>
         <input_file_ref idref="fl-14"/>
      </object_component>
      <object_component id="oc-4a">
         <name>.int11</name>
         <load_address>0xfff6</load_address>
         <run_address>0xfff6</run_address>
         <size>0x2</size>
         <input_file_ref idref="fl-4e"/>
      </object_component>
      <object_component id="oc-4b">
         <name>.int12</name>
         <load_address>0xfff8</load_address>
         <run_address>0xfff8</run_address>
         <size>0x2</size>
         <input_file_ref idref="fl-4f"/>
      </object_component>
      <object_component id="oc-4c">
         <name>.int13</name>
         <load_address>0xfffa</load_address>
         <run_address>0xfffa</run_address>
         <size>0x2</size>
         <input_file_ref idref="fl-50"/>
      </object_component>
      <object_component id="oc-4d">
         <name>.int14</name>
         <load_address>0xfffc</load_address>
         <run_address>0xfffc</run_address>
         <size>0x2</size>
         <input_file_ref idref="fl-51"/>
      </object_component>
      <object_component id="oc-96">
         <name>.reset</name>
         <load_address>0xfffe</load_address>
         <run_address>0xfffe</run_address>
         <size>0x2</size>
         <input_file_ref idref="fl-d"/>
      </object_component>
      <object_component id="oc-90">
         <name>xdc.meta</name>
         <load_address>0x0</load_address>
         <run_address>0x0</run_address>
         <size>0x100</size>
         <input_file_ref idref="fl-6"/>
      </object_component>
      <object_component id="oc-ea">
         <name>.debug_info</name>
         <load_address>0x0</load_address>
         <run_address>0x0</run_address>
         <size>0x141</size>
         <input_file_ref idref="fl-2"/>
      </object_component>
      <object_component id="oc-fc">
         <name>.debug_info</name>
         <load_address>0x141</load_address>
         <run_address>0x141</run_address>
         <size>0x84</size>
         <input_file_ref idref="fl-2"/>
      </object_component>
      <object_component id="oc-f9">
         <name>.debug_info</name>
         <load_address>0x1c5</load_address>
         <run_address>0x1c5</run_address>
         <size>0x1bc</size>
         <input_file_ref idref="fl-6"/>
      </object_component>
      <object_component id="oc-91">
         <name>.debug_info</name>
         <load_address>0x381</load_address>
         <run_address>0x381</run_address>
         <size>0x177</size>
         <input_file_ref idref="fl-6"/>
      </object_component>
      <object_component id="oc-94">
         <name>.debug_info</name>
         <load_address>0x4f8</load_address>
         <run_address>0x4f8</run_address>
         <size>0xd4</size>
         <input_file_ref idref="fl-d"/>
      </object_component>
      <object_component id="oc-86">
         <name>.debug_info</name>
         <load_address>0x5cc</load_address>
         <run_address>0x5cc</run_address>
         <size>0x1af</size>
         <input_file_ref idref="fl-e"/>
      </object_component>
      <object_component id="oc-c6">
         <name>.debug_info</name>
         <load_address>0x77b</load_address>
         <run_address>0x77b</run_address>
         <size>0x11c</size>
         <input_file_ref idref="fl-f"/>
      </object_component>
      <object_component id="oc-12b">
         <name>.debug_info</name>
         <load_address>0x897</load_address>
         <run_address>0x897</run_address>
         <size>0x180</size>
         <input_file_ref idref="fl-11"/>
      </object_component>
      <object_component id="oc-177">
         <name>.debug_info</name>
         <load_address>0xa17</load_address>
         <run_address>0xa17</run_address>
         <size>0x108</size>
         <input_file_ref idref="fl-12"/>
      </object_component>
      <object_component id="oc-17b">
         <name>.debug_info</name>
         <load_address>0xb1f</load_address>
         <run_address>0xb1f</run_address>
         <size>0x117</size>
         <input_file_ref idref="fl-13"/>
      </object_component>
      <object_component id="oc-181">
         <name>.debug_info</name>
         <load_address>0xc36</load_address>
         <run_address>0xc36</run_address>
         <size>0x144</size>
         <input_file_ref idref="fl-14"/>
      </object_component>
      <object_component id="oc-b7">
         <name>.debug_info</name>
         <load_address>0xd7a</load_address>
         <run_address>0xd7a</run_address>
         <size>0x129</size>
         <input_file_ref idref="fl-14"/>
      </object_component>
      <object_component id="oc-187">
         <name>.debug_info</name>
         <load_address>0xea3</load_address>
         <run_address>0xea3</run_address>
         <size>0x112</size>
         <input_file_ref idref="fl-15"/>
      </object_component>
      <object_component id="oc-18d">
         <name>.debug_info</name>
         <load_address>0xfb5</load_address>
         <run_address>0xfb5</run_address>
         <size>0x117</size>
         <input_file_ref idref="fl-16"/>
      </object_component>
      <object_component id="oc-e3">
         <name>.debug_info</name>
         <load_address>0x10cc</load_address>
         <run_address>0x10cc</run_address>
         <size>0xf8</size>
         <input_file_ref idref="fl-45"/>
      </object_component>
      <object_component id="oc-b2">
         <name>.debug_info</name>
         <load_address>0x11c4</load_address>
         <run_address>0x11c4</run_address>
         <size>0xec</size>
         <input_file_ref idref="fl-52"/>
      </object_component>
      <object_component id="oc-205">
         <name>.debug_info</name>
         <load_address>0x12b0</load_address>
         <run_address>0x12b0</run_address>
         <size>0x9e</size>
      </object_component>
      <object_component id="oc-ed">
         <name>.debug_line</name>
         <load_address>0x0</load_address>
         <run_address>0x0</run_address>
         <size>0x59</size>
         <input_file_ref idref="fl-2"/>
      </object_component>
      <object_component id="oc-ff">
         <name>.debug_line</name>
         <load_address>0x59</load_address>
         <run_address>0x59</run_address>
         <size>0x20</size>
         <input_file_ref idref="fl-2"/>
      </object_component>
      <object_component id="oc-132">
         <name>.debug_line</name>
         <load_address>0x79</load_address>
         <run_address>0x79</run_address>
         <size>0x20</size>
         <input_file_ref idref="fl-6"/>
      </object_component>
      <object_component id="oc-f8">
         <name>.debug_line</name>
         <load_address>0x99</load_address>
         <run_address>0x99</run_address>
         <size>0x52</size>
         <input_file_ref idref="fl-6"/>
      </object_component>
      <object_component id="oc-fb">
         <name>.debug_line</name>
         <load_address>0xeb</load_address>
         <run_address>0xeb</run_address>
         <size>0x2e</size>
         <input_file_ref idref="fl-d"/>
      </object_component>
      <object_component id="oc-85">
         <name>.debug_line</name>
         <load_address>0x119</load_address>
         <run_address>0x119</run_address>
         <size>0x50</size>
         <input_file_ref idref="fl-e"/>
      </object_component>
      <object_component id="oc-c5">
         <name>.debug_line</name>
         <load_address>0x169</load_address>
         <run_address>0x169</run_address>
         <size>0x3e</size>
         <input_file_ref idref="fl-f"/>
      </object_component>
      <object_component id="oc-12f">
         <name>.debug_line</name>
         <load_address>0x1a7</load_address>
         <run_address>0x1a7</run_address>
         <size>0x48</size>
         <input_file_ref idref="fl-11"/>
      </object_component>
      <object_component id="oc-176">
         <name>.debug_line</name>
         <load_address>0x1ef</load_address>
         <run_address>0x1ef</run_address>
         <size>0x4b</size>
         <input_file_ref idref="fl-12"/>
      </object_component>
      <object_component id="oc-17e">
         <name>.debug_line</name>
         <load_address>0x23a</load_address>
         <run_address>0x23a</run_address>
         <size>0x4f</size>
         <input_file_ref idref="fl-13"/>
      </object_component>
      <object_component id="oc-184">
         <name>.debug_line</name>
         <load_address>0x289</load_address>
         <run_address>0x289</run_address>
         <size>0x49</size>
         <input_file_ref idref="fl-14"/>
      </object_component>
      <object_component id="oc-ba">
         <name>.debug_line</name>
         <load_address>0x2d2</load_address>
         <run_address>0x2d2</run_address>
         <size>0x4e</size>
         <input_file_ref idref="fl-14"/>
      </object_component>
      <object_component id="oc-18a">
         <name>.debug_line</name>
         <load_address>0x320</load_address>
         <run_address>0x320</run_address>
         <size>0x4c</size>
         <input_file_ref idref="fl-15"/>
      </object_component>
      <object_component id="oc-190">
         <name>.debug_line</name>
         <load_address>0x36c</load_address>
         <run_address>0x36c</run_address>
         <size>0x45</size>
         <input_file_ref idref="fl-16"/>
      </object_component>
      <object_component id="oc-e6">
         <name>.debug_line</name>
         <load_address>0x3b1</load_address>
         <run_address>0x3b1</run_address>
         <size>0x3a</size>
         <input_file_ref idref="fl-45"/>
      </object_component>
      <object_component id="oc-b5">
         <name>.debug_line</name>
         <load_address>0x3eb</load_address>
         <run_address>0x3eb</run_address>
         <size>0x3c</size>
         <input_file_ref idref="fl-52"/>
      </object_component>
      <object_component id="oc-ee">
         <name>.debug_frame</name>
         <load_address>0x0</load_address>
         <run_address>0x0</run_address>
         <size>0x47</size>
         <input_file_ref idref="fl-2"/>
      </object_component>
      <object_component id="oc-89">
         <name>.debug_frame</name>
         <load_address>0x47</load_address>
         <run_address>0x47</run_address>
         <size>0x42</size>
         <input_file_ref idref="fl-e"/>
      </object_component>
      <object_component id="oc-c4">
         <name>.debug_frame</name>
         <load_address>0x89</load_address>
         <run_address>0x89</run_address>
         <size>0x47</size>
         <input_file_ref idref="fl-f"/>
      </object_component>
      <object_component id="oc-12e">
         <name>.debug_frame</name>
         <load_address>0xd0</load_address>
         <run_address>0xd0</run_address>
         <size>0x47</size>
         <input_file_ref idref="fl-11"/>
      </object_component>
      <object_component id="oc-175">
         <name>.debug_frame</name>
         <load_address>0x117</load_address>
         <run_address>0x117</run_address>
         <size>0x47</size>
         <input_file_ref idref="fl-12"/>
      </object_component>
      <object_component id="oc-17f">
         <name>.debug_frame</name>
         <load_address>0x15e</load_address>
         <run_address>0x15e</run_address>
         <size>0x47</size>
         <input_file_ref idref="fl-13"/>
      </object_component>
      <object_component id="oc-185">
         <name>.debug_frame</name>
         <load_address>0x1a5</load_address>
         <run_address>0x1a5</run_address>
         <size>0x47</size>
         <input_file_ref idref="fl-14"/>
      </object_component>
      <object_component id="oc-bb">
         <name>.debug_frame</name>
         <load_address>0x1ec</load_address>
         <run_address>0x1ec</run_address>
         <size>0x47</size>
         <input_file_ref idref="fl-14"/>
      </object_component>
      <object_component id="oc-18b">
         <name>.debug_frame</name>
         <load_address>0x233</load_address>
         <run_address>0x233</run_address>
         <size>0x47</size>
         <input_file_ref idref="fl-15"/>
      </object_component>
      <object_component id="oc-191">
         <name>.debug_frame</name>
         <load_address>0x27a</load_address>
         <run_address>0x27a</run_address>
         <size>0x47</size>
         <input_file_ref idref="fl-16"/>
      </object_component>
      <object_component id="oc-e7">
         <name>.debug_frame</name>
         <load_address>0x2c1</load_address>
         <run_address>0x2c1</run_address>
         <size>0x47</size>
         <input_file_ref idref="fl-45"/>
      </object_component>
      <object_component id="oc-130">
         <name>.debug_abbrev</name>
         <load_address>0x0</load_address>
         <run_address>0x0</run_address>
         <size>0x60</size>
         <input_file_ref idref="fl-2"/>
      </object_component>
      <object_component id="oc-fe">
         <name>.debug_abbrev</name>
         <load_address>0x60</load_address>
         <run_address>0x60</run_address>
         <size>0x1f</size>
         <input_file_ref idref="fl-2"/>
      </object_component>
      <object_component id="oc-131">
         <name>.debug_abbrev</name>
         <load_address>0x7f</load_address>
         <run_address>0x7f</run_address>
         <size>0x54</size>
         <input_file_ref idref="fl-6"/>
      </object_component>
      <object_component id="oc-f7">
         <name>.debug_abbrev</name>
         <load_address>0xd3</load_address>
         <run_address>0xd3</run_address>
         <size>0x29</size>
         <input_file_ref idref="fl-6"/>
      </object_component>
      <object_component id="oc-fa">
         <name>.debug_abbrev</name>
         <load_address>0xfc</load_address>
         <run_address>0xfc</run_address>
         <size>0x29</size>
         <input_file_ref idref="fl-d"/>
      </object_component>
      <object_component id="oc-f5">
         <name>.debug_abbrev</name>
         <load_address>0x125</load_address>
         <run_address>0x125</run_address>
         <size>0x55</size>
         <input_file_ref idref="fl-e"/>
      </object_component>
      <object_component id="oc-11b">
         <name>.debug_abbrev</name>
         <load_address>0x17a</load_address>
         <run_address>0x17a</run_address>
         <size>0x52</size>
         <input_file_ref idref="fl-f"/>
      </object_component>
      <object_component id="oc-192">
         <name>.debug_abbrev</name>
         <load_address>0x1cc</load_address>
         <run_address>0x1cc</run_address>
         <size>0x5e</size>
         <input_file_ref idref="fl-11"/>
      </object_component>
      <object_component id="oc-1c8">
         <name>.debug_abbrev</name>
         <load_address>0x22a</load_address>
         <run_address>0x22a</run_address>
         <size>0x50</size>
         <input_file_ref idref="fl-12"/>
      </object_component>
      <object_component id="oc-1c9">
         <name>.debug_abbrev</name>
         <load_address>0x27a</load_address>
         <run_address>0x27a</run_address>
         <size>0x50</size>
         <input_file_ref idref="fl-13"/>
      </object_component>
      <object_component id="oc-1ca">
         <name>.debug_abbrev</name>
         <load_address>0x2ca</load_address>
         <run_address>0x2ca</run_address>
         <size>0x50</size>
         <input_file_ref idref="fl-14"/>
      </object_component>
      <object_component id="oc-118">
         <name>.debug_abbrev</name>
         <load_address>0x31a</load_address>
         <run_address>0x31a</run_address>
         <size>0x53</size>
         <input_file_ref idref="fl-14"/>
      </object_component>
      <object_component id="oc-1cb">
         <name>.debug_abbrev</name>
         <load_address>0x36d</load_address>
         <run_address>0x36d</run_address>
         <size>0x50</size>
         <input_file_ref idref="fl-15"/>
      </object_component>
      <object_component id="oc-1cc">
         <name>.debug_abbrev</name>
         <load_address>0x3bd</load_address>
         <run_address>0x3bd</run_address>
         <size>0x50</size>
         <input_file_ref idref="fl-16"/>
      </object_component>
      <object_component id="oc-129">
         <name>.debug_abbrev</name>
         <load_address>0x40d</load_address>
         <run_address>0x40d</run_address>
         <size>0x45</size>
         <input_file_ref idref="fl-45"/>
      </object_component>
      <object_component id="oc-117">
         <name>.debug_abbrev</name>
         <load_address>0x452</load_address>
         <run_address>0x452</run_address>
         <size>0x28</size>
         <input_file_ref idref="fl-52"/>
      </object_component>
      <object_component id="oc-206">
         <name>.debug_abbrev</name>
         <load_address>0x47a</load_address>
         <run_address>0x47a</run_address>
         <size>0xf</size>
      </object_component>
      <object_component id="oc-100">
         <name>.debug_str</name>
         <load_address>0x0</load_address>
         <run_address>0x0</run_address>
         <size>0xf5</size>
         <input_file_ref idref="fl-2"/>
      </object_component>
      <object_component id="oc-eb">
         <name>.debug_aranges</name>
         <load_address>0x0</load_address>
         <run_address>0x0</run_address>
         <size>0x20</size>
         <input_file_ref idref="fl-2"/>
      </object_component>
      <object_component id="oc-87">
         <name>.debug_aranges</name>
         <load_address>0x20</load_address>
         <run_address>0x20</run_address>
         <size>0x20</size>
         <input_file_ref idref="fl-e"/>
      </object_component>
      <object_component id="oc-c8">
         <name>.debug_aranges</name>
         <load_address>0x40</load_address>
         <run_address>0x40</run_address>
         <size>0x20</size>
         <input_file_ref idref="fl-f"/>
      </object_component>
      <object_component id="oc-12c">
         <name>.debug_aranges</name>
         <load_address>0x60</load_address>
         <run_address>0x60</run_address>
         <size>0x20</size>
         <input_file_ref idref="fl-11"/>
      </object_component>
      <object_component id="oc-178">
         <name>.debug_aranges</name>
         <load_address>0x80</load_address>
         <run_address>0x80</run_address>
         <size>0x20</size>
         <input_file_ref idref="fl-12"/>
      </object_component>
      <object_component id="oc-17c">
         <name>.debug_aranges</name>
         <load_address>0xa0</load_address>
         <run_address>0xa0</run_address>
         <size>0x20</size>
         <input_file_ref idref="fl-13"/>
      </object_component>
      <object_component id="oc-182">
         <name>.debug_aranges</name>
         <load_address>0xc0</load_address>
         <run_address>0xc0</run_address>
         <size>0x20</size>
         <input_file_ref idref="fl-14"/>
      </object_component>
      <object_component id="oc-b8">
         <name>.debug_aranges</name>
         <load_address>0xe0</load_address>
         <run_address>0xe0</run_address>
         <size>0x20</size>
         <input_file_ref idref="fl-14"/>
      </object_component>
      <object_component id="oc-188">
         <name>.debug_aranges</name>
         <load_address>0x100</load_address>
         <run_address>0x100</run_address>
         <size>0x20</size>
         <input_file_ref idref="fl-15"/>
      </object_component>
      <object_component id="oc-18e">
         <name>.debug_aranges</name>
         <load_address>0x120</load_address>
         <run_address>0x120</run_address>
         <size>0x20</size>
         <input_file_ref idref="fl-16"/>
      </object_component>
      <object_component id="oc-e4">
         <name>.debug_aranges</name>
         <load_address>0x140</load_address>
         <run_address>0x140</run_address>
         <size>0x20</size>
         <input_file_ref idref="fl-45"/>
      </object_component>
      <object_component id="oc-b3">
         <name>.debug_aranges</name>
         <load_address>0x160</load_address>
         <run_address>0x160</run_address>
         <size>0x20</size>
         <input_file_ref idref="fl-52"/>
      </object_component>
      <object_component id="oc-ec">
         <name>.debug_pubnames</name>
         <load_address>0x0</load_address>
         <run_address>0x0</run_address>
         <size>0x1b</size>
         <input_file_ref idref="fl-2"/>
      </object_component>
      <object_component id="oc-92">
         <name>.debug_pubnames</name>
         <load_address>0x1b</load_address>
         <run_address>0x1b</run_address>
         <size>0x51</size>
         <input_file_ref idref="fl-6"/>
      </object_component>
      <object_component id="oc-95">
         <name>.debug_pubnames</name>
         <load_address>0x6c</load_address>
         <run_address>0x6c</run_address>
         <size>0x1d</size>
         <input_file_ref idref="fl-d"/>
      </object_component>
      <object_component id="oc-88">
         <name>.debug_pubnames</name>
         <load_address>0x89</load_address>
         <run_address>0x89</run_address>
         <size>0x34</size>
         <input_file_ref idref="fl-e"/>
      </object_component>
      <object_component id="oc-c7">
         <name>.debug_pubnames</name>
         <load_address>0xbd</load_address>
         <run_address>0xbd</run_address>
         <size>0x27</size>
         <input_file_ref idref="fl-f"/>
      </object_component>
      <object_component id="oc-12d">
         <name>.debug_pubnames</name>
         <load_address>0xe4</load_address>
         <run_address>0xe4</run_address>
         <size>0x21</size>
         <input_file_ref idref="fl-11"/>
      </object_component>
      <object_component id="oc-179">
         <name>.debug_pubnames</name>
         <load_address>0x105</load_address>
         <run_address>0x105</run_address>
         <size>0x25</size>
         <input_file_ref idref="fl-12"/>
      </object_component>
      <object_component id="oc-17d">
         <name>.debug_pubnames</name>
         <load_address>0x12a</load_address>
         <run_address>0x12a</run_address>
         <size>0x28</size>
         <input_file_ref idref="fl-13"/>
      </object_component>
      <object_component id="oc-183">
         <name>.debug_pubnames</name>
         <load_address>0x152</load_address>
         <run_address>0x152</run_address>
         <size>0x31</size>
         <input_file_ref idref="fl-14"/>
      </object_component>
      <object_component id="oc-b9">
         <name>.debug_pubnames</name>
         <load_address>0x183</load_address>
         <run_address>0x183</run_address>
         <size>0x23</size>
         <input_file_ref idref="fl-14"/>
      </object_component>
      <object_component id="oc-189">
         <name>.debug_pubnames</name>
         <load_address>0x1a6</load_address>
         <run_address>0x1a6</run_address>
         <size>0x27</size>
         <input_file_ref idref="fl-15"/>
      </object_component>
      <object_component id="oc-18f">
         <name>.debug_pubnames</name>
         <load_address>0x1cd</load_address>
         <run_address>0x1cd</run_address>
         <size>0x28</size>
         <input_file_ref idref="fl-16"/>
      </object_component>
      <object_component id="oc-e5">
         <name>.debug_pubnames</name>
         <load_address>0x1f5</load_address>
         <run_address>0x1f5</run_address>
         <size>0x1c</size>
         <input_file_ref idref="fl-45"/>
      </object_component>
      <object_component id="oc-b4">
         <name>.debug_pubnames</name>
         <load_address>0x211</load_address>
         <run_address>0x211</run_address>
         <size>0x2b</size>
         <input_file_ref idref="fl-52"/>
      </object_component>
      <object_component id="oc-fd">
         <name>.debug_pubtypes</name>
         <load_address>0x0</load_address>
         <run_address>0x0</run_address>
         <size>0xed</size>
         <input_file_ref idref="fl-2"/>
      </object_component>
   </object_component_list>
   <logical_group_list>
      <logical_group id="lg-2" display="no" color="cyan">
         <name>.bss</name>
         <run_address>0x0</run_address>
         <size>0x0</size>
         <contents>
         </contents>
      </logical_group>
      <logical_group id="lg-4" display="no" color="cyan">
         <name>.TI.noinit</name>
         <run_address>0x0</run_address>
         <size>0x0</size>
         <contents>
         </contents>
      </logical_group>
      <logical_group id="lg-5" display="no" color="cyan">
         <name>.sysmem</name>
         <run_address>0x0</run_address>
         <size>0x0</size>
         <contents>
         </contents>
      </logical_group>
      <logical_group id="lg-6" display="no" color="cyan">
         <name>.stack</name>
         <run_address>0x3c0</run_address>
         <size>0x40</size>
         <contents>
            <object_component_ref idref="oc-93"/>
            <object_component_ref idref="oc-204"/>
         </contents>
      </logical_group>
      <logical_group id="lg-7" display="no" color="cyan">
         <name>.text</name>
         <load_address>0xc000</load_address>
         <run_address>0xc000</run_address>
         <size>0xda</size>
         <contents>
            <object_component_ref idref="oc-174"/>
            <object_component_ref idref="oc-17a"/>
            <object_component_ref idref="oc-186"/>
            <object_component_ref idref="oc-84"/>
            <object_component_ref idref="oc-12a"/>
            <object_component_ref idref="oc-e9"/>
            <object_component_ref idref="oc-b6"/>
            <object_component_ref idref="oc-18c"/>
            <object_component_ref idref="oc-b1"/>
            <object_component_ref idref="oc-c3"/>
            <object_component_ref idref="oc-e2"/>
            <object_component_ref idref="oc-180"/>
         </contents>
      </logical_group>
      <logical_group id="lg-8" display="no" color="cyan">
         <name>.cinit</name>
         <run_address>0x0</run_address>
         <size>0x0</size>
         <contents>
         </contents>
      </logical_group>
      <logical_group id="lg-9" display="no" color="cyan">
         <name>.const</name>
         <run_address>0x0</run_address>
         <size>0x0</size>
         <contents>
         </contents>
      </logical_group>
      <logical_group id="lg-a" display="no" color="cyan">
         <name>.bslsignature</name>
         <run_address>0x0</run_address>
         <size>0x0</size>
         <contents>
         </contents>
      </logical_group>
      <logical_group id="lg-b" display="no" color="cyan">
         <name>.cio</name>
         <run_address>0x0</run_address>
         <size>0x0</size>
         <contents>
         </contents>
      </logical_group>
      <logical_group id="lg-c" display="no" color="cyan">
         <name>.pinit</name>
         <run_address>0x0</run_address>
         <size>0x0</size>
         <contents>
         </contents>
      </logical_group>
      <logical_group id="lg-d" display="no" color="cyan">
         <name>.init_array</name>
         <run_address>0x0</run_address>
         <size>0x0</size>
         <contents>
         </contents>
      </logical_group>
      <logical_group id="lg-e" display="no" color="cyan">
         <name>.mspabi.exidx</name>
         <run_address>0x0</run_address>
         <size>0x0</size>
         <contents>
         </contents>
      </logical_group>
      <logical_group id="lg-f" display="no" color="cyan">
         <name>.mspabi.extab</name>
         <run_address>0x0</run_address>
         <size>0x0</size>
         <contents>
         </contents>
      </logical_group>
      <logical_group id="lg-10" display="no" color="cyan">
         <name>.infoA</name>
         <run_address>0x0</run_address>
         <size>0x0</size>
         <contents>
         </contents>
      </logical_group>
      <logical_group id="lg-11" display="no" color="cyan">
         <name>.infoB</name>
         <run_address>0x0</run_address>
         <size>0x0</size>
         <contents>
         </contents>
      </logical_group>
      <logical_group id="lg-12" display="no" color="cyan">
         <name>.infoC</name>
         <run_address>0x0</run_address>
         <size>0x0</size>
         <contents>
         </contents>
      </logical_group>
      <logical_group id="lg-13" display="no" color="cyan">
         <name>.infoD</name>
         <run_address>0x0</run_address>
         <size>0x0</size>
         <contents>
         </contents>
      </logical_group>
      <logical_group id="lg-14" display="no" color="cyan">
         <name>TRAPINT</name>
         <load_address>0xffe0</load_address>
         <run_address>0xffe0</run_address>
         <size>0x2</size>
         <contents>
            <object_component_ref idref="oc-41"/>
         </contents>
      </logical_group>
      <logical_group id="lg-16" display="no" color="cyan">
         <name>.int01</name>
         <run_address>0x0</run_address>
         <size>0x0</size>
         <contents>
         </contents>
      </logical_group>
      <logical_group id="lg-17" display="no" color="cyan">
         <name>PORT1</name>
         <load_address>0xffe4</load_address>
         <run_address>0xffe4</run_address>
         <size>0x2</size>
         <contents>
            <object_component_ref idref="oc-42"/>
         </contents>
      </logical_group>
      <logical_group id="lg-19" display="no" color="cyan">
         <name>PORT2</name>
         <load_address>0xffe6</load_address>
         <run_address>0xffe6</run_address>
         <size>0x2</size>
         <contents>
            <object_component_ref idref="oc-43"/>
         </contents>
      </logical_group>
      <logical_group id="lg-1b" display="no" color="cyan">
         <name>.int04</name>
         <run_address>0x0</run_address>
         <size>0x0</size>
         <contents>
         </contents>
      </logical_group>
      <logical_group id="lg-1c" display="no" color="cyan">
         <name>ADC10</name>
         <load_address>0xffea</load_address>
         <run_address>0xffea</run_address>
         <size>0x2</size>
         <contents>
            <object_component_ref idref="oc-44"/>
         </contents>
      </logical_group>
      <logical_group id="lg-1e" display="no" color="cyan">
         <name>USCIAB0TX</name>
         <load_address>0xffec</load_address>
         <run_address>0xffec</run_address>
         <size>0x2</size>
         <contents>
            <object_component_ref idref="oc-45"/>
         </contents>
      </logical_group>
      <logical_group id="lg-20" display="no" color="cyan">
         <name>USCIAB0RX</name>
         <load_address>0xffee</load_address>
         <run_address>0xffee</run_address>
         <size>0x2</size>
         <contents>
            <object_component_ref idref="oc-46"/>
         </contents>
      </logical_group>
      <logical_group id="lg-22" display="no" color="cyan">
         <name>TIMER0_A1</name>
         <load_address>0xfff0</load_address>
         <run_address>0xfff0</run_address>
         <size>0x2</size>
         <contents>
            <object_component_ref idref="oc-47"/>
         </contents>
      </logical_group>
      <logical_group id="lg-24" display="no" color="cyan">
         <name>TIMER0_A0</name>
         <load_address>0xfff2</load_address>
         <run_address>0xfff2</run_address>
         <size>0x2</size>
         <contents>
            <object_component_ref idref="oc-48"/>
         </contents>
      </logical_group>
      <logical_group id="lg-26" display="no" color="cyan">
         <name>WDT</name>
         <load_address>0xfff4</load_address>
         <run_address>0xfff4</run_address>
         <size>0x2</size>
         <contents>
            <object_component_ref idref="oc-49"/>
         </contents>
      </logical_group>
      <logical_group id="lg-28" display="no" color="cyan">
         <name>COMPARATORA</name>
         <load_address>0xfff6</load_address>
         <run_address>0xfff6</run_address>
         <size>0x2</size>
         <contents>
            <object_component_ref idref="oc-4a"/>
         </contents>
      </logical_group>
      <logical_group id="lg-2a" display="no" color="cyan">
         <name>TIMER1_A1</name>
         <load_address>0xfff8</load_address>
         <run_address>0xfff8</run_address>
         <size>0x2</size>
         <contents>
            <object_component_ref idref="oc-4b"/>
         </contents>
      </logical_group>
      <logical_group id="lg-2c" display="no" color="cyan">
         <name>TIMER1_A0</name>
         <load_address>0xfffa</load_address>
         <run_address>0xfffa</run_address>
         <size>0x2</size>
         <contents>
            <object_component_ref idref="oc-4c"/>
         </contents>
      </logical_group>
      <logical_group id="lg-2e" display="no" color="cyan">
         <name>NMI</name>
         <load_address>0xfffc</load_address>
         <run_address>0xfffc</run_address>
         <size>0x2</size>
         <contents>
            <object_component_ref idref="oc-4d"/>
         </contents>
      </logical_group>
      <logical_group id="lg-30" display="no" color="cyan">
         <name>.reset</name>
         <load_address>0xfffe</load_address>
         <run_address>0xfffe</run_address>
         <size>0x2</size>
         <contents>
            <object_component_ref idref="oc-96"/>
         </contents>
      </logical_group>
      <logical_group id="lg-33" display="no" color="cyan">
         <name>xdc.meta</name>
         <load_address>0x0</load_address>
         <run_address>0x0</run_address>
         <size>0x100</size>
         <contents>
            <object_component_ref idref="oc-90"/>
         </contents>
      </logical_group>
      <logical_group id="lg-1ce" display="no" color="cyan">
         <name>.TI.persistent</name>
         <run_address>0x0</run_address>
         <size>0x0</size>
         <contents>
         </contents>
      </logical_group>
      <logical_group id="lg-3" display="no" color="cyan">
         <name>.data</name>
         <run_address>0x0</run_address>
         <size>0x0</size>
         <contents>
         </contents>
      </logical_group>
      <logical_group id="lg-1cd" display="no" color="cyan">
         <name>DATA_GROUP</name>
         <run_address>0x0</run_address>
         <size>0x0</size>
         <contents>
            <logical_group_ref idref="lg-1ce"/>
            <logical_group_ref idref="lg-3"/>
         </contents>
      </logical_group>
      <logical_group id="lg-1f3" display="never" color="cyan">
         <name>.debug_info</name>
         <load_address>0x0</load_address>
         <run_address>0x0</run_address>
         <size>0x134e</size>
         <contents>
            <object_component_ref idref="oc-ea"/>
            <object_component_ref idref="oc-fc"/>
            <object_component_ref idref="oc-f9"/>
            <object_component_ref idref="oc-91"/>
            <object_component_ref idref="oc-94"/>
            <object_component_ref idref="oc-86"/>
            <object_component_ref idref="oc-c6"/>
            <object_component_ref idref="oc-12b"/>
            <object_component_ref idref="oc-177"/>
            <object_component_ref idref="oc-17b"/>
            <object_component_ref idref="oc-181"/>
            <object_component_ref idref="oc-b7"/>
            <object_component_ref idref="oc-187"/>
            <object_component_ref idref="oc-18d"/>
            <object_component_ref idref="oc-e3"/>
            <object_component_ref idref="oc-b2"/>
            <object_component_ref idref="oc-205"/>
         </contents>
      </logical_group>
      <logical_group id="lg-1f5" display="never" color="cyan">
         <name>.debug_line</name>
         <load_address>0x0</load_address>
         <run_address>0x0</run_address>
         <size>0x427</size>
         <contents>
            <object_component_ref idref="oc-ed"/>
            <object_component_ref idref="oc-ff"/>
            <object_component_ref idref="oc-132"/>
            <object_component_ref idref="oc-f8"/>
            <object_component_ref idref="oc-fb"/>
            <object_component_ref idref="oc-85"/>
            <object_component_ref idref="oc-c5"/>
            <object_component_ref idref="oc-12f"/>
            <object_component_ref idref="oc-176"/>
            <object_component_ref idref="oc-17e"/>
            <object_component_ref idref="oc-184"/>
            <object_component_ref idref="oc-ba"/>
            <object_component_ref idref="oc-18a"/>
            <object_component_ref idref="oc-190"/>
            <object_component_ref idref="oc-e6"/>
            <object_component_ref idref="oc-b5"/>
         </contents>
      </logical_group>
      <logical_group id="lg-1f7" display="never" color="cyan">
         <name>.debug_frame</name>
         <load_address>0x0</load_address>
         <run_address>0x0</run_address>
         <size>0x308</size>
         <contents>
            <object_component_ref idref="oc-ee"/>
            <object_component_ref idref="oc-89"/>
            <object_component_ref idref="oc-c4"/>
            <object_component_ref idref="oc-12e"/>
            <object_component_ref idref="oc-175"/>
            <object_component_ref idref="oc-17f"/>
            <object_component_ref idref="oc-185"/>
            <object_component_ref idref="oc-bb"/>
            <object_component_ref idref="oc-18b"/>
            <object_component_ref idref="oc-191"/>
            <object_component_ref idref="oc-e7"/>
         </contents>
      </logical_group>
      <logical_group id="lg-1f9" display="never" color="cyan">
         <name>.debug_abbrev</name>
         <load_address>0x0</load_address>
         <run_address>0x0</run_address>
         <size>0x489</size>
         <contents>
            <object_component_ref idref="oc-130"/>
            <object_component_ref idref="oc-fe"/>
            <object_component_ref idref="oc-131"/>
            <object_component_ref idref="oc-f7"/>
            <object_component_ref idref="oc-fa"/>
            <object_component_ref idref="oc-f5"/>
            <object_component_ref idref="oc-11b"/>
            <object_component_ref idref="oc-192"/>
            <object_component_ref idref="oc-1c8"/>
            <object_component_ref idref="oc-1c9"/>
            <object_component_ref idref="oc-1ca"/>
            <object_component_ref idref="oc-118"/>
            <object_component_ref idref="oc-1cb"/>
            <object_component_ref idref="oc-1cc"/>
            <object_component_ref idref="oc-129"/>
            <object_component_ref idref="oc-117"/>
            <object_component_ref idref="oc-206"/>
         </contents>
      </logical_group>
      <logical_group id="lg-1fb" display="never" color="cyan">
         <name>.debug_str</name>
         <load_address>0x0</load_address>
         <run_address>0x0</run_address>
         <size>0xf5</size>
         <contents>
            <object_component_ref idref="oc-100"/>
         </contents>
      </logical_group>
      <logical_group id="lg-1fd" display="never" color="cyan">
         <name>.debug_aranges</name>
         <load_address>0x0</load_address>
         <run_address>0x0</run_address>
         <size>0x180</size>
         <contents>
            <object_component_ref idref="oc-eb"/>
            <object_component_ref idref="oc-87"/>
            <object_component_ref idref="oc-c8"/>
            <object_component_ref idref="oc-12c"/>
            <object_component_ref idref="oc-178"/>
            <object_component_ref idref="oc-17c"/>
            <object_component_ref idref="oc-182"/>
            <object_component_ref idref="oc-b8"/>
            <object_component_ref idref="oc-188"/>
            <object_component_ref idref="oc-18e"/>
            <object_component_ref idref="oc-e4"/>
            <object_component_ref idref="oc-b3"/>
         </contents>
      </logical_group>
      <logical_group id="lg-1ff" display="never" color="cyan">
         <name>.debug_pubnames</name>
         <load_address>0x0</load_address>
         <run_address>0x0</run_address>
         <size>0x23c</size>
         <contents>
            <object_component_ref idref="oc-ec"/>
            <object_component_ref idref="oc-92"/>
            <object_component_ref idref="oc-95"/>
            <object_component_ref idref="oc-88"/>
            <object_component_ref idref="oc-c7"/>
            <object_component_ref idref="oc-12d"/>
            <object_component_ref idref="oc-179"/>
            <object_component_ref idref="oc-17d"/>
            <object_component_ref idref="oc-183"/>
            <object_component_ref idref="oc-b9"/>
            <object_component_ref idref="oc-189"/>
            <object_component_ref idref="oc-18f"/>
            <object_component_ref idref="oc-e5"/>
            <object_component_ref idref="oc-b4"/>
         </contents>
      </logical_group>
      <logical_group id="lg-201" display="never" color="cyan">
         <name>.debug_pubtypes</name>
         <load_address>0x0</load_address>
         <run_address>0x0</run_address>
         <size>0xed</size>
         <contents>
            <object_component_ref idref="oc-fd"/>
         </contents>
      </logical_group>
      <logical_group id="lg-207" display="no" color="cyan">
         <name>$fill000</name>
         <load_address>0xffde</load_address>
         <run_address>0xffde</run_address>
         <size>0x2</size>
         <contents>
         </contents>
      </logical_group>
      <load_segment id="lg-209" display="no" color="cyan">
         <name>SEGMENT_0</name>
         <run_address>0x3c0</run_address>
         <size>0x40</size>
         <flags>0x6</flags>
         <contents>
            <logical_group_ref idref="lg-6"/>
         </contents>
      </load_segment>
      <load_segment id="lg-20a" display="no" color="cyan">
         <name>SEGMENT_1</name>
         <load_address>0xc000</load_address>
         <run_address>0xc000</run_address>
         <size>0xda</size>
         <flags>0x5</flags>
         <contents>
            <logical_group_ref idref="lg-7"/>
         </contents>
      </load_segment>
      <load_segment id="lg-20b" display="no" color="cyan">
         <name>SEGMENT_2</name>
         <load_address>0xffde</load_address>
         <run_address>0xffde</run_address>
         <size>0x4</size>
         <flags>0x4</flags>
         <contents>
            <logical_group_ref idref="lg-207"/>
            <logical_group_ref idref="lg-14"/>
         </contents>
      </load_segment>
      <load_segment id="lg-20c" display="no" color="cyan">
         <name>SEGMENT_3</name>
         <load_address>0xffe4</load_address>
         <run_address>0xffe4</run_address>
         <size>0x4</size>
         <flags>0x4</flags>
         <contents>
            <logical_group_ref idref="lg-17"/>
            <logical_group_ref idref="lg-19"/>
         </contents>
      </load_segment>
      <load_segment id="lg-20d" display="no" color="cyan">
         <name>SEGMENT_4</name>
         <load_address>0xffea</load_address>
         <run_address>0xffea</run_address>
         <size>0x16</size>
         <flags>0x4</flags>
         <contents>
            <logical_group_ref idref="lg-1c"/>
            <logical_group_ref idref="lg-1e"/>
            <logical_group_ref idref="lg-20"/>
            <logical_group_ref idref="lg-22"/>
            <logical_group_ref idref="lg-24"/>
            <logical_group_ref idref="lg-26"/>
            <logical_group_ref idref="lg-28"/>
            <logical_group_ref idref="lg-2a"/>
            <logical_group_ref idref="lg-2c"/>
            <logical_group_ref idref="lg-2e"/>
            <logical_group_ref idref="lg-30"/>
         </contents>
      </load_segment>
   </logical_group_list>
   <placement_map>
      <memory_area display="no" color="green">
         <name>SFR</name>
         <page_id>0x0</page_id>
         <origin>0x0</origin>
         <length>0x10</length>
         <used_space>0x0</used_space>
         <unused_space>0x10</unused_space>
         <attributes>RWIX</attributes>
         <usage_details>
         </usage_details>
      </memory_area>
      <memory_area display="yes" color="green">
         <name>PERIPHERALS_8BIT</name>
         <page_id>0x0</page_id>
         <origin>0x10</origin>
         <length>0xf0</length>
         <used_space>0x0</used_space>
         <unused_space>0xf0</unused_space>
         <attributes>RWIX</attributes>
         <usage_details>
         </usage_details>
      </memory_area>
      <memory_area display="yes" color="green">
         <name>PERIPHERALS_16BIT</name>
         <page_id>0x0</page_id>
         <origin>0x100</origin>
         <length>0x100</length>
         <used_space>0x0</used_space>
         <unused_space>0x100</unused_space>
         <attributes>RWIX</attributes>
         <usage_details>
         </usage_details>
      </memory_area>
      <memory_area display="yes" color="green">
         <name>RAM</name>
         <page_id>0x0</page_id>
         <origin>0x200</origin>
         <length>0x200</length>
         <used_space>0x40</used_space>
         <unused_space>0x1c0</unused_space>
         <attributes>RWIX</attributes>
         <usage_details>
            <available_space>
               <start_address>0x200</start_address>
               <size>0x1c0</size>
            </available_space>
            <allocated_space>
               <start_address>0x3c0</start_address>
               <size>0x40</size>
               <logical_group_ref idref="lg-6"/>
            </allocated_space>
         </usage_details>
      </memory_area>
      <memory_area display="no" color="green">
         <name>INFOD</name>
         <page_id>0x0</page_id>
         <origin>0x1000</origin>
         <length>0x40</length>
         <used_space>0x0</used_space>
         <unused_space>0x40</unused_space>
         <attributes>RWIX</attributes>
         <usage_details>
         </usage_details>
      </memory_area>
      <memory_area display="no" color="green">
         <name>INFOC</name>
         <page_id>0x0</page_id>
         <origin>0x1040</origin>
         <length>0x40</length>
         <used_space>0x0</used_space>
         <unused_space>0x40</unused_space>
         <attributes>RWIX</attributes>
         <usage_details>
         </usage_details>
      </memory_area>
      <memory_area display="no" color="green">
         <name>INFOB</name>
         <page_id>0x0</page_id>
         <origin>0x1080</origin>
         <length>0x40</length>
         <used_space>0x0</used_space>
         <unused_space>0x40</unused_space>
         <attributes>RWIX</attributes>
         <usage_details>
         </usage_details>
      </memory_area>
      <memory_area display="no" color="green">
         <name>INFOA</name>
         <page_id>0x0</page_id>
         <origin>0x10c0</origin>
         <length>0x40</length>
         <used_space>0x0</used_space>
         <unused_space>0x40</unused_space>
         <attributes>RWIX</attributes>
         <usage_details>
         </usage_details>
      </memory_area>
      <memory_area display="yes" color="green">
         <name>FLASH</name>
         <page_id>0x0</page_id>
         <origin>0xc000</origin>
         <length>0x3fde</length>
         <used_space>0xda</used_space>
         <unused_space>0x3f04</unused_space>
         <attributes>RWIX</attributes>
         <usage_details>
            <allocated_space>
               <start_address>0xc000</start_address>
               <size>0xda</size>
               <logical_group_ref idref="lg-7"/>
            </allocated_space>
            <available_space>
               <start_address>0xc0da</start_address>
               <size>0x3f04</size>
            </available_space>
         </usage_details>
      </memory_area>
      <memory_area display="no" color="green">
         <name>BSLSIGNATURE</name>
         <page_id>0x0</page_id>
         <origin>0xffde</origin>
         <length>0x2</length>
         <used_space>0x2</used_space>
         <unused_space>0x0</unused_space>
         <attributes>RWIX</attributes>
         <fill_value>0xffff</fill_value>
         <fill_width>0x10</fill_width>
         <virtual_fill>0x0</virtual_fill>
         <usage_details>
            <allocated_space>
               <start_address>0xffde</start_address>
               <size>0x2</size>
               <logical_group_ref idref="lg-207"/>
            </allocated_space>
         </usage_details>
      </memory_area>
      <memory_area display="no" color="green">
         <name>INT00</name>
         <page_id>0x0</page_id>
         <origin>0xffe0</origin>
         <length>0x2</length>
         <used_space>0x2</used_space>
         <unused_space>0x0</unused_space>
         <attributes>RWIX</attributes>
         <usage_details>
            <allocated_space>
               <start_address>0xffe0</start_address>
               <size>0x2</size>
               <logical_group_ref idref="lg-14"/>
            </allocated_space>
         </usage_details>
      </memory_area>
      <memory_area display="no" color="green">
         <name>INT01</name>
         <page_id>0x0</page_id>
         <origin>0xffe2</origin>
         <length>0x2</length>
         <used_space>0x0</used_space>
         <unused_space>0x2</unused_space>
         <attributes>RWIX</attributes>
         <usage_details>
         </usage_details>
      </memory_area>
      <memory_area display="no" color="green">
         <name>INT02</name>
         <page_id>0x0</page_id>
         <origin>0xffe4</origin>
         <length>0x2</length>
         <used_space>0x2</used_space>
         <unused_space>0x0</unused_space>
         <attributes>RWIX</attributes>
         <usage_details>
            <allocated_space>
               <start_address>0xffe4</start_address>
               <size>0x2</size>
               <logical_group_ref idref="lg-17"/>
            </allocated_space>
         </usage_details>
      </memory_area>
      <memory_area display="no" color="green">
         <name>INT03</name>
         <page_id>0x0</page_id>
         <origin>0xffe6</origin>
         <length>0x2</length>
         <used_space>0x2</used_space>
         <unused_space>0x0</unused_space>
         <attributes>RWIX</attributes>
         <usage_details>
            <allocated_space>
               <start_address>0xffe6</start_address>
               <size>0x2</size>
               <logical_group_ref idref="lg-19"/>
            </allocated_space>
         </usage_details>
      </memory_area>
      <memory_area display="no" color="green">
         <name>INT04</name>
         <page_id>0x0</page_id>
         <origin>0xffe8</origin>
         <length>0x2</length>
         <used_space>0x0</used_space>
         <unused_space>0x2</unused_space>
         <attributes>RWIX</attributes>
         <usage_details>
         </usage_details>
      </memory_area>
      <memory_area display="no" color="green">
         <name>INT05</name>
         <page_id>0x0</page_id>
         <origin>0xffea</origin>
         <length>0x2</length>
         <used_space>0x2</used_space>
         <unused_space>0x0</unused_space>
         <attributes>RWIX</attributes>
         <usage_details>
            <allocated_space>
               <start_address>0xffea</start_address>
               <size>0x2</size>
               <logical_group_ref idref="lg-1c"/>
            </allocated_space>
         </usage_details>
      </memory_area>
      <memory_area display="no" color="green">
         <name>INT06</name>
         <page_id>0x0</page_id>
         <origin>0xffec</origin>
         <length>0x2</length>
         <used_space>0x2</used_space>
         <unused_space>0x0</unused_space>
         <attributes>RWIX</attributes>
         <usage_details>
            <allocated_space>
               <start_address>0xffec</start_address>
               <size>0x2</size>
               <logical_group_ref idref="lg-1e"/>
            </allocated_space>
         </usage_details>
      </memory_area>
      <memory_area display="no" color="green">
         <name>INT07</name>
         <page_id>0x0</page_id>
         <origin>0xffee</origin>
         <length>0x2</length>
         <used_space>0x2</used_space>
         <unused_space>0x0</unused_space>
         <attributes>RWIX</attributes>
         <usage_details>
            <allocated_space>
               <start_address>0xffee</start_address>
               <size>0x2</size>
               <logical_group_ref idref="lg-20"/>
            </allocated_space>
         </usage_details>
      </memory_area>
      <memory_area display="no" color="green">
         <name>INT08</name>
         <page_id>0x0</page_id>
         <origin>0xfff0</origin>
         <length>0x2</length>
         <used_space>0x2</used_space>
         <unused_space>0x0</unused_space>
         <attributes>RWIX</attributes>
         <usage_details>
            <allocated_space>
               <start_address>0xfff0</start_address>
               <size>0x2</size>
               <logical_group_ref idref="lg-22"/>
            </allocated_space>
         </usage_details>
      </memory_area>
      <memory_area display="no" color="green">
         <name>INT09</name>
         <page_id>0x0</page_id>
         <origin>0xfff2</origin>
         <length>0x2</length>
         <used_space>0x2</used_space>
         <unused_space>0x0</unused_space>
         <attributes>RWIX</attributes>
         <usage_details>
            <allocated_space>
               <start_address>0xfff2</start_address>
               <size>0x2</size>
               <logical_group_ref idref="lg-24"/>
            </allocated_space>
         </usage_details>
      </memory_area>
      <memory_area display="no" color="green">
         <name>INT10</name>
         <page_id>0x0</page_id>
         <origin>0xfff4</origin>
         <length>0x2</length>
         <used_space>0x2</used_space>
         <unused_space>0x0</unused_space>
         <attributes>RWIX</attributes>
         <usage_details>
            <allocated_space>
               <start_address>0xfff4</start_address>
               <size>0x2</size>
               <logical_group_ref idref="lg-26"/>
            </allocated_space>
         </usage_details>
      </memory_area>
      <memory_area display="no" color="green">
         <name>INT11</name>
         <page_id>0x0</page_id>
         <origin>0xfff6</origin>
         <length>0x2</length>
         <used_space>0x2</used_space>
         <unused_space>0x0</unused_space>
         <attributes>RWIX</attributes>
         <usage_details>
            <allocated_space>
               <start_address>0xfff6</start_address>
               <size>0x2</size>
               <logical_group_ref idref="lg-28"/>
            </allocated_space>
         </usage_details>
      </memory_area>
      <memory_area display="no" color="green">
         <name>INT12</name>
         <page_id>0x0</page_id>
         <origin>0xfff8</origin>
         <length>0x2</length>
         <used_space>0x2</used_space>
         <unused_space>0x0</unused_space>
         <attributes>RWIX</attributes>
         <usage_details>
            <allocated_space>
               <start_address>0xfff8</start_address>
               <size>0x2</size>
               <logical_group_ref idref="lg-2a"/>
            </allocated_space>
         </usage_details>
      </memory_area>
      <memory_area display="no" color="green">
         <name>INT13</name>
         <page_id>0x0</page_id>
         <origin>0xfffa</origin>
         <length>0x2</length>
         <used_space>0x2</used_space>
         <unused_space>0x0</unused_space>
         <attributes>RWIX</attributes>
         <usage_details>
            <allocated_space>
               <start_address>0xfffa</start_address>
               <size>0x2</size>
               <logical_group_ref idref="lg-2c"/>
            </allocated_space>
         </usage_details>
      </memory_area>
      <memory_area display="no" color="green">
         <name>INT14</name>
         <page_id>0x0</page_id>
         <origin>0xfffc</origin>
         <length>0x2</length>
         <used_space>0x2</used_space>
         <unused_space>0x0</unused_space>
         <attributes>RWIX</attributes>
         <usage_details>
            <allocated_space>
               <start_address>0xfffc</start_address>
               <size>0x2</size>
               <logical_group_ref idref="lg-2e"/>
            </allocated_space>
         </usage_details>
      </memory_area>
      <memory_area display="no" color="green">
         <name>RESET</name>
         <page_id>0x0</page_id>
         <origin>0xfffe</origin>
         <length>0x2</length>
         <used_space>0x2</used_space>
         <unused_space>0x0</unused_space>
         <attributes>RWIX</attributes>
         <usage_details>
            <allocated_space>
               <start_address>0xfffe</start_address>
               <size>0x2</size>
               <logical_group_ref idref="lg-30"/>
            </allocated_space>
         </usage_details>
      </memory_area>
   </placement_map>
   <symbol_table>
      <symbol id="sm-1">
         <name>IE1</name>
         <value>0x0</value>
      </symbol>
      <symbol id="sm-2">
         <name>IFG1</name>
         <value>0x2</value>
      </symbol>
      <symbol id="sm-3">
         <name>IE2</name>
         <value>0x1</value>
      </symbol>
      <symbol id="sm-4">
         <name>IFG2</name>
         <value>0x3</value>
      </symbol>
      <symbol id="sm-5">
         <name>ADC10DTC0</name>
         <value>0x48</value>
      </symbol>
      <symbol id="sm-6">
         <name>ADC10DTC1</name>
         <value>0x49</value>
      </symbol>
      <symbol id="sm-7">
         <name>ADC10AE0</name>
         <value>0x4a</value>
      </symbol>
      <symbol id="sm-8">
         <name>ADC10CTL0</name>
         <value>0x1b0</value>
      </symbol>
      <symbol id="sm-9">
         <name>ADC10CTL1</name>
         <value>0x1b2</value>
      </symbol>
      <symbol id="sm-a">
         <name>ADC10MEM</name>
         <value>0x1b4</value>
      </symbol>
      <symbol id="sm-b">
         <name>ADC10SA</name>
         <value>0x1bc</value>
      </symbol>
      <symbol id="sm-c">
         <name>DCOCTL</name>
         <value>0x56</value>
      </symbol>
      <symbol id="sm-d">
         <name>BCSCTL1</name>
         <value>0x57</value>
      </symbol>
      <symbol id="sm-e">
         <name>BCSCTL2</name>
         <value>0x58</value>
      </symbol>
      <symbol id="sm-f">
         <name>BCSCTL3</name>
         <value>0x53</value>
      </symbol>
      <symbol id="sm-10">
         <name>CACTL1</name>
         <value>0x59</value>
      </symbol>
      <symbol id="sm-11">
         <name>CACTL2</name>
         <value>0x5a</value>
      </symbol>
      <symbol id="sm-12">
         <name>CAPD</name>
         <value>0x5b</value>
      </symbol>
      <symbol id="sm-13">
         <name>FCTL1</name>
         <value>0x128</value>
      </symbol>
      <symbol id="sm-14">
         <name>FCTL2</name>
         <value>0x12a</value>
      </symbol>
      <symbol id="sm-15">
         <name>FCTL3</name>
         <value>0x12c</value>
      </symbol>
      <symbol id="sm-16">
         <name>P1IN</name>
         <value>0x20</value>
      </symbol>
      <symbol id="sm-17">
         <name>P1OUT</name>
         <value>0x21</value>
      </symbol>
      <symbol id="sm-18">
         <name>P1DIR</name>
         <value>0x22</value>
      </symbol>
      <symbol id="sm-19">
         <name>P1IFG</name>
         <value>0x23</value>
      </symbol>
      <symbol id="sm-1a">
         <name>P1IES</name>
         <value>0x24</value>
      </symbol>
      <symbol id="sm-1b">
         <name>P1IE</name>
         <value>0x25</value>
      </symbol>
      <symbol id="sm-1c">
         <name>P1SEL</name>
         <value>0x26</value>
      </symbol>
      <symbol id="sm-1d">
         <name>P1SEL2</name>
         <value>0x41</value>
      </symbol>
      <symbol id="sm-1e">
         <name>P1REN</name>
         <value>0x27</value>
      </symbol>
      <symbol id="sm-1f">
         <name>P2IN</name>
         <value>0x28</value>
      </symbol>
      <symbol id="sm-20">
         <name>P2OUT</name>
         <value>0x29</value>
      </symbol>
      <symbol id="sm-21">
         <name>P2DIR</name>
         <value>0x2a</value>
      </symbol>
      <symbol id="sm-22">
         <name>P2IFG</name>
         <value>0x2b</value>
      </symbol>
      <symbol id="sm-23">
         <name>P2IES</name>
         <value>0x2c</value>
      </symbol>
      <symbol id="sm-24">
         <name>P2IE</name>
         <value>0x2d</value>
      </symbol>
      <symbol id="sm-25">
         <name>P2SEL</name>
         <value>0x2e</value>
      </symbol>
      <symbol id="sm-26">
         <name>P2SEL2</name>
         <value>0x42</value>
      </symbol>
      <symbol id="sm-27">
         <name>P2REN</name>
         <value>0x2f</value>
      </symbol>
      <symbol id="sm-28">
         <name>P3IN</name>
         <value>0x18</value>
      </symbol>
      <symbol id="sm-29">
         <name>P3OUT</name>
         <value>0x19</value>
      </symbol>
      <symbol id="sm-2a">
         <name>P3DIR</name>
         <value>0x1a</value>
      </symbol>
      <symbol id="sm-2b">
         <name>P3SEL</name>
         <value>0x1b</value>
      </symbol>
      <symbol id="sm-2c">
         <name>P3SEL2</name>
         <value>0x43</value>
      </symbol>
      <symbol id="sm-2d">
         <name>P3REN</name>
         <value>0x10</value>
      </symbol>
      <symbol id="sm-2e">
         <name>TA0IV</name>
         <value>0x12e</value>
      </symbol>
      <symbol id="sm-2f">
         <name>TA0CTL</name>
         <value>0x160</value>
      </symbol>
      <symbol id="sm-30">
         <name>TA0CCTL0</name>
         <value>0x162</value>
      </symbol>
      <symbol id="sm-31">
         <name>TA0CCTL1</name>
         <value>0x164</value>
      </symbol>
      <symbol id="sm-32">
         <name>TA0CCTL2</name>
         <value>0x166</value>
      </symbol>
      <symbol id="sm-33">
         <name>TA0R</name>
         <value>0x170</value>
      </symbol>
      <symbol id="sm-34">
         <name>TA0CCR0</name>
         <value>0x172</value>
      </symbol>
      <symbol id="sm-35">
         <name>TA0CCR1</name>
         <value>0x174</value>
      </symbol>
      <symbol id="sm-36">
         <name>TA0CCR2</name>
         <value>0x176</value>
      </symbol>
      <symbol id="sm-37">
         <name>TA1IV</name>
         <value>0x11e</value>
      </symbol>
      <symbol id="sm-38">
         <name>TA1CTL</name>
         <value>0x180</value>
      </symbol>
      <symbol id="sm-39">
         <name>TA1CCTL0</name>
         <value>0x182</value>
      </symbol>
      <symbol id="sm-3a">
         <name>TA1CCTL1</name>
         <value>0x184</value>
      </symbol>
      <symbol id="sm-3b">
         <name>TA1CCTL2</name>
         <value>0x186</value>
      </symbol>
      <symbol id="sm-3c">
         <name>TA1R</name>
         <value>0x190</value>
      </symbol>
      <symbol id="sm-3d">
         <name>TA1CCR0</name>
         <value>0x192</value>
      </symbol>
      <symbol id="sm-3e">
         <name>TA1CCR1</name>
         <value>0x194</value>
      </symbol>
      <symbol id="sm-3f">
         <name>TA1CCR2</name>
         <value>0x196</value>
      </symbol>
      <symbol id="sm-40">
         <name>UCA0CTL0</name>
         <value>0x60</value>
      </symbol>
      <symbol id="sm-41">
         <name>UCA0CTL1</name>
         <value>0x61</value>
      </symbol>
      <symbol id="sm-42">
         <name>UCA0BR0</name>
         <value>0x62</value>
      </symbol>
      <symbol id="sm-43">
         <name>UCA0BR1</name>
         <value>0x63</value>
      </symbol>
      <symbol id="sm-44">
         <name>UCA0MCTL</name>
         <value>0x64</value>
      </symbol>
      <symbol id="sm-45">
         <name>UCA0STAT</name>
         <value>0x65</value>
      </symbol>
      <symbol id="sm-46">
         <name>UCA0RXBUF</name>
         <value>0x66</value>
      </symbol>
      <symbol id="sm-47">
         <name>UCA0TXBUF</name>
         <value>0x67</value>
      </symbol>
      <symbol id="sm-48">
         <name>UCA0ABCTL</name>
         <value>0x5d</value>
      </symbol>
      <symbol id="sm-49">
         <name>UCA0IRTCTL</name>
         <value>0x5e</value>
      </symbol>
      <symbol id="sm-4a">
         <name>UCA0IRRCTL</name>
         <value>0x5f</value>
      </symbol>
      <symbol id="sm-4b">
         <name>UCB0CTL0</name>
         <value>0x68</value>
      </symbol>
      <symbol id="sm-4c">
         <name>UCB0CTL1</name>
         <value>0x69</value>
      </symbol>
      <symbol id="sm-4d">
         <name>UCB0BR0</name>
         <value>0x6a</value>
      </symbol>
      <symbol id="sm-4e">
         <name>UCB0BR1</name>
         <value>0x6b</value>
      </symbol>
      <symbol id="sm-4f">
         <name>UCB0I2CIE</name>
         <value>0x6c</value>
      </symbol>
      <symbol id="sm-50">
         <name>UCB0STAT</name>
         <value>0x6d</value>
      </symbol>
      <symbol id="sm-51">
         <name>UCB0RXBUF</name>
         <value>0x6e</value>
      </symbol>
      <symbol id="sm-52">
         <name>UCB0TXBUF</name>
         <value>0x6f</value>
      </symbol>
      <symbol id="sm-53">
         <name>UCB0I2COA</name>
         <value>0x118</value>
      </symbol>
      <symbol id="sm-54">
         <name>UCB0I2CSA</name>
         <value>0x11a</value>
      </symbol>
      <symbol id="sm-55">
         <name>WDTCTL</name>
         <value>0x120</value>
      </symbol>
      <symbol id="sm-56">
         <name>CALDCO_16MHZ</name>
         <value>0x10f8</value>
      </symbol>
      <symbol id="sm-57">
         <name>CALBC1_16MHZ</name>
         <value>0x10f9</value>
      </symbol>
      <symbol id="sm-58">
         <name>CALDCO_12MHZ</name>
         <value>0x10fa</value>
      </symbol>
      <symbol id="sm-59">
         <name>CALBC1_12MHZ</name>
         <value>0x10fb</value>
      </symbol>
      <symbol id="sm-5a">
         <name>CALDCO_8MHZ</name>
         <value>0x10fc</value>
      </symbol>
      <symbol id="sm-5b">
         <name>CALBC1_8MHZ</name>
         <value>0x10fd</value>
      </symbol>
      <symbol id="sm-5c">
         <name>CALDCO_1MHZ</name>
         <value>0x10fe</value>
      </symbol>
      <symbol id="sm-5d">
         <name>CALBC1_1MHZ</name>
         <value>0x10ff</value>
      </symbol>
      <symbol id="sm-5e">
         <name>TLV_CHECKSUM</name>
         <value>0x10c0</value>
      </symbol>
      <symbol id="sm-5f">
         <name>TLV_DCO_30_TAG</name>
         <value>0x10f6</value>
      </symbol>
      <symbol id="sm-60">
         <name>TLV_DCO_30_LEN</name>
         <value>0x10f7</value>
      </symbol>
      <symbol id="sm-61">
         <name>TLV_ADC10_1_TAG</name>
         <value>0x10da</value>
      </symbol>
      <symbol id="sm-62">
         <name>TLV_ADC10_1_LEN</name>
         <value>0x10db</value>
      </symbol>
      <symbol id="sm-63">
         <name>xdc_runtime_Startup__RESETFXN__C</name>
         <value>0x0</value>
      </symbol>
      <symbol id="sm-64">
         <name>xdc_runtime_Startup_reset__I</name>
         <value>0x0</value>
      </symbol>
      <symbol id="sm-65">
         <name>xdc_runtime_Startup__EXECFXN__C</name>
         <value>0x0</value>
      </symbol>
      <symbol id="sm-66">
         <name>xdc_runtime_Startup_exec__E</name>
         <value>0x0</value>
      </symbol>
      <symbol id="sm-67">
         <name>binit</name>
         <value>0xffffffff</value>
      </symbol>
      <symbol id="sm-68">
         <name>__binit__</name>
         <value>0xffffffff</value>
      </symbol>
      <symbol id="sm-69">
         <name>__STACK_SIZE</name>
         <value>0x40</value>
      </symbol>
      <symbol id="sm-6a">
         <name>__STACK_END</name>
         <value>0x400</value>
      </symbol>
      <symbol id="sm-6b">
         <name>__c_args__</name>
         <value>0xffffffff</value>
      </symbol>
      <symbol id="sm-a6">
         <name>main</name>
         <value>0xc0ae</value>
         <object_component_ref idref="oc-e9"/>
      </symbol>
      <symbol id="sm-b0">
         <name>__TARG__</name>
         <value>0xac</value>
         <object_component_ref idref="oc-90"/>
      </symbol>
      <symbol id="sm-b1">
         <name>__TRDR__</name>
         <value>0xd8</value>
         <object_component_ref idref="oc-90"/>
      </symbol>
      <symbol id="sm-b2">
         <name>__PLAT__</name>
         <value>0x88</value>
         <object_component_ref idref="oc-90"/>
      </symbol>
      <symbol id="sm-b3">
         <name>__ISA__</name>
         <value>0x76</value>
         <object_component_ref idref="oc-90"/>
      </symbol>
      <symbol id="sm-b4">
         <name>__ASM__</name>
         <value>0x0</value>
         <object_component_ref idref="oc-90"/>
      </symbol>
      <symbol id="sm-be">
         <name>_stack</name>
         <value>0x3c0</value>
         <object_component_ref idref="oc-93"/>
      </symbol>
      <symbol id="sm-bf">
         <name>_reset_vector</name>
         <value>0xfffe</value>
         <object_component_ref idref="oc-96"/>
      </symbol>
      <symbol id="sm-ca">
         <name>_c_int00_noinit_noargs_noexit</name>
         <value>0xc074</value>
         <object_component_ref idref="oc-84"/>
      </symbol>
      <symbol id="sm-d3">
         <name>_system_pre_init</name>
         <value>0xc0d0</value>
         <object_component_ref idref="oc-c3"/>
      </symbol>
      <symbol id="sm-de">
         <name>Grace_init</name>
         <value>0xc092</value>
         <object_component_ref idref="oc-12a"/>
      </symbol>
      <symbol id="sm-e7">
         <name>GPIO_graceInit</name>
         <value>0xc000</value>
         <object_component_ref idref="oc-174"/>
      </symbol>
      <symbol id="sm-f1">
         <name>BCSplus_graceInit</name>
         <value>0xc02a</value>
         <object_component_ref idref="oc-17a"/>
      </symbol>
      <symbol id="sm-102">
         <name>__TI_int10</name>
         <value>0xfff4</value>
         <object_component_ref idref="oc-49"/>
      </symbol>
      <symbol id="sm-103">
         <name>WDT_ISR_HOOK</name>
         <value>0xc0ba</value>
         <object_component_ref idref="oc-b6"/>
      </symbol>
      <symbol id="sm-104">
         <name>InterruptVectors_graceInit</name>
         <value>0xc0d8</value>
         <object_component_ref idref="oc-180"/>
      </symbol>
      <symbol id="sm-10f">
         <name>System_graceInit</name>
         <value>0xc052</value>
         <object_component_ref idref="oc-186"/>
      </symbol>
      <symbol id="sm-118">
         <name>WDTplus_graceInit</name>
         <value>0xc0c2</value>
         <object_component_ref idref="oc-18c"/>
      </symbol>
      <symbol id="sm-129">
         <name>C$$EXIT</name>
         <value>0xc0d4</value>
         <object_component_ref idref="oc-e2"/>
      </symbol>
      <symbol id="sm-12a">
         <name>abort</name>
         <value>0xc0d4</value>
         <object_component_ref idref="oc-e2"/>
      </symbol>
      <symbol id="sm-12d">
         <name>__TI_int00</name>
         <value>0xffe0</value>
         <object_component_ref idref="oc-41"/>
      </symbol>
      <symbol id="sm-130">
         <name>__TI_int02</name>
         <value>0xffe4</value>
         <object_component_ref idref="oc-42"/>
      </symbol>
      <symbol id="sm-133">
         <name>__TI_int03</name>
         <value>0xffe6</value>
         <object_component_ref idref="oc-43"/>
      </symbol>
      <symbol id="sm-136">
         <name>__TI_int05</name>
         <value>0xffea</value>
         <object_component_ref idref="oc-44"/>
      </symbol>
      <symbol id="sm-139">
         <name>__TI_int06</name>
         <value>0xffec</value>
         <object_component_ref idref="oc-45"/>
      </symbol>
      <symbol id="sm-13c">
         <name>__TI_int07</name>
         <value>0xffee</value>
         <object_component_ref idref="oc-46"/>
      </symbol>
      <symbol id="sm-13f">
         <name>__TI_int08</name>
         <value>0xfff0</value>
         <object_component_ref idref="oc-47"/>
      </symbol>
      <symbol id="sm-142">
         <name>__TI_int09</name>
         <value>0xfff2</value>
         <object_component_ref idref="oc-48"/>
      </symbol>
      <symbol id="sm-145">
         <name>__TI_int11</name>
         <value>0xfff6</value>
         <object_component_ref idref="oc-4a"/>
      </symbol>
      <symbol id="sm-148">
         <name>__TI_int12</name>
         <value>0xfff8</value>
         <object_component_ref idref="oc-4b"/>
      </symbol>
      <symbol id="sm-14b">
         <name>__TI_int13</name>
         <value>0xfffa</value>
         <object_component_ref idref="oc-4c"/>
      </symbol>
      <symbol id="sm-14e">
         <name>__TI_int14</name>
         <value>0xfffc</value>
         <object_component_ref idref="oc-4d"/>
      </symbol>
      <symbol id="sm-156">
         <name>__TI_ISR_TRAP</name>
         <value>0xc0ca</value>
         <object_component_ref idref="oc-b1"/>
      </symbol>
   </symbol_table>
   <title>Link successful</title>
</link_info>
